marca,preco,desconto,link
Chuteira Umbro Tocco II Pro FG Campo Preta,699.9,53,https://www.futfanatics.com.br/chuteira-umbro-tocco-ii-pro-fg-campo-preta
Chuteira Oxn Dynamic 2 Campo Preta e Dourada,69.9,46,https://www.futfanatics.com.br/chuteira-oxn-dynamic-2-campo-preta-e-dourada
Chuteira Oxn Avanti 2 Campo Preta,79.9,42,https://www.futfanatics.com.br/chuteira-oxn-avanti-2-campo-preta
Chuteira Oxn Mundialli 3 Campo Preta e Branca,79.9,42,https://www.futfanatics.com.br/chuteira-oxn-mundialli-3-campo-preta-e-branca
Chuteira Oxn Fusion Grip 3 Campo Vermelha,79.9,42,https://www.futfanatics.com.br/chuteira-oxn-fusion-grip-3-campo-vermelha
Chuteira Oxn Velox 4 Neo Campo Preta e Laranja,89.9,40,https://www.futfanatics.com.br/chuteira-oxn-velox-4-neo-campo-preta-e-laranja
Chuteira Oxn Fusion Grip 3 Neo Campo Marinho,89.9,40,https://www.futfanatics.com.br/chuteira-oxn-fusion-grip-3-neo-campo-marinho
Chuteira Oxn Agilis 2 Campo Marinho,79.9,38,https://www.futfanatics.com.br/chuteira-oxn-agilis-2-campo-marinho
Chuteira Oxn Agilis 2 Campo Preta e Vermelha,79.9,38,https://www.futfanatics.com.br/chuteira-oxn-agilis-2-campo-preta-e-vermelha
Chuteira Penalty S11 Locker Ecoknit Campo Preta,249.9,37,https://www.futfanatics.com.br/chuteira-penalty-s11-locker-ecoknit-campo-preta
Chuteira Puma Tacto II IT BDP Futsal Cinza,219.9,37,https://www.futfanatics.com.br/chuteira-puma-tacto-ii-it-bdp-futsal-cinza
Chuteira Umbro Stride Campo Preta e Branca,129.9,35,https://www.futfanatics.com.br/chuteira-umbro-stride-campo-preta-e-branca
Chuteira Oxn Vision Futsal Amarela,89.9,35,https://www.futfanatics.com.br/chuteira-oxn-vision-futsal-amarela
Chuteira Oxn Avanti 2 Campo Vermelha,89.9,35,https://www.futfanatics.com.br/chuteira-oxn-avanti-2-campo-vermelha
Chuteira Oxn Velox 4 Campo Laranja,89.9,35,https://www.futfanatics.com.br/chuteira-oxn-velox-4-campo-laranja
Chuteira Oxn Fusion Grip 3 Campo Rosa,89.9,35,https://www.futfanatics.com.br/chuteira-oxn-fusion-grip-3-campo-rosa
Chuteira Oxn Vision Campo Preta,89.9,35,https://www.futfanatics.com.br/chuteira-oxn-vision-campo-preta
Chuteira Umbro Stride Futsal Marinho e Azul,129.9,35,https://www.futfanatics.com.br/chuteira-umbro-stride-futsal-marinho-e-azul
Chuteira Oxn Velox 4 Society Azul,89.9,35,https://www.futfanatics.com.br/chuteira-oxn-velox-4-society-azul
Chuteira Puma Tacto TT II BDP Society Preta e Cinza,229.9,34,https://www.futfanatics.com.br/chuteira-puma-tacto-tt-ii-bdp-society-preta-e-cinza
Chuteira Oxn Spartak 3 Neo Campo Amarela,99.9,33,https://www.futfanatics.com.br/chuteira-oxn-spartak-3-neo-campo-amarela
Chuteira Oxn Fusion Grip 3 Neo Campo Preta,99.9,33,https://www.futfanatics.com.br/chuteira-oxn-fusion-grip-3-neo-campo-preta
Chuteira Umbro Play Campo Preta,119.9,33,https://www.futfanatics.com.br/chuteira-umbro-play-campo-preta
Chuteira Adidas Copa Sense .3 IN Futsal Amarela,399.9,33,https://www.futfanatics.com.br/chuteira-adidas-copa-sense-3-in-futsal-amarela
Chuteira Oxn Fusion Grip 3 Neo Campo Rosa,99.9,33,https://www.futfanatics.com.br/chuteira-oxn-fusion-grip-3-neo-campo-rosa
Chuteira Oxn Spartak 3 Neo Campo Preta e Branca,99.9,33,https://www.futfanatics.com.br/chuteira-oxn-spartak-neo-3-campo-preta-e-branca
Chuteira Oxn Velox 4 Neo Society Amarela,99.9,33,https://www.futfanatics.com.br/chuteira-oxn-velox-4-neo-society-amarela
Chuteira Oxn Velox 4 Neo Campo Laranja,99.9,33,https://www.futfanatics.com.br/chuteira-oxn-velox-4-neo-campo-laranja
Chuteira Oxn Spartak 3 Neo Society Preta e Rosa,99.9,33,https://www.futfanatics.com.br/chuteira-oxn-spartak-3-neo-society-preta-e-rosa
Chuteira Oxn Fusion Grip 3 Neo Society Marinho,99.9,33,https://www.futfanatics.com.br/chuteira-oxn-fusion-grip-3-neo-society-marinho
Chuteira Penalty RX Locker XXI Campo Preta,169.9,32,https://www.futfanatics.com.br/chuteira-penalty-rx-locker-xxi-campo-preta
Chuteira Umbro Astro Society Preta e Branca,289.9,32,https://www.futfanatics.com.br/chuteira-umbro-astro-society-preta-e-branca
Chuteira Penalty Speed XXI Campo Azul e Laranja,139.9,30,https://www.futfanatics.com.br/chuteira-penalty-speed-xxi-campo-azul-e-laranja
Chuteira Umbro Adamant League Society Coral e Branca,139.9,30,https://www.futfanatics.com.br/chuteira-umbro-adamant-league-society-coral-e-branca
Chuteira Umbro Stride Society Preta e Branca,139.9,30,https://www.futfanatics.com.br/chuteira-umbro-stride-society-preta-e-branca
Chuteira Umbro Beat Campo Marinho e Prata,89.9,30,https://www.futfanatics.com.br/chuteira-umbro-beat-campo-marinho-e-prata
Chuteira Oxn Agilis 2 Society Preta e Vermelha,89.9,30,https://www.futfanatics.com.br/chuteira-oxn-agilis-2-society-preta-e-vermelha
Chuteira Oxn Agilis 2 Society Marinho,89.9,30,https://www.futfanatics.com.br/chuteira-oxn-agilis-2-society-marinho
Chuteira Umbro Fifty IV Futsal Dourada,139.9,30,https://www.futfanatics.com.br/chuteira-umbro-fifty-iv-futsal-dourada
Chuteira Oxn Agilis 2 Society Hybrid Verde,89.9,30,https://www.futfanatics.com.br/chuteira-oxn-agilis-2-society-hybrid-verde
Chuteira Penalty RX Locker XXI Society Azul,179.9,30,https://www.futfanatics.com.br/chuteira-penalty-rx-locker-xxi-society-azul
Chuteira Umbro Adamant League Futsal Azul e Branca,139.9,30,https://www.futfanatics.com.br/chuteira-umbro-adamant-league-futsal-azul-e-branca
Chuteira Oxn Rio Society Preta e Cinza,99.9,28,https://www.futfanatics.com.br/chuteira-oxn-rio-society-preta-e-cinza
Chuteira Oxn Avanti 2 Futsal Preta,99.9,28,https://www.futfanatics.com.br/chuteira-oxn-avanti-2-futsal-preta
Chuteira Oxn Velox 4 Campo Amarela,99.9,28,https://www.futfanatics.com.br/chuteira-oxn-velox-4-campo-amarela
Chuteira Oxn Velox 4 Society Amarela,99.9,28,https://www.futfanatics.com.br/chuteira-oxn-velox-4-society-amarela
Chuteira Oxn Velox 4 Society Preta e Azul,99.9,28,https://www.futfanatics.com.br/chuteira-oxn-velox-4-society-preta-e-azul
Chuteira Umbro Fast Campo Marinho e Branca,99.9,28,https://www.futfanatics.com.br/chuteira-umbro-fast-campo-marinho-e-branca
Chuteira Oxn Fusion Grip 3 Futsal Preta e Rosa,99.9,28,https://www.futfanatics.com.br/chuteira-oxn-fusion-grip-3-futsal-preta-e-rosa
Chuteira Oxn Fusion Grip 3 Society Preta e Rosa,99.9,28,https://www.futfanatics.com.br/chuteira-oxn-fusion-grip-3-society-preta-e-rosa
Chuteira Oxn Fusion Grip 3 Society Vermelha,99.9,28,https://www.futfanatics.com.br/chuteira-oxn-fusion-grip-3-society-vermelha
Chuteira Oxn Gênio 3 Society Cinza a Roxo,99.9,28,https://www.futfanatics.com.br/chuteira-oxn-genio-3-society-cinza-a-roxo
Chuteira Umbro Beat Society Prata e Preta,99.9,28,https://www.futfanatics.com.br/chuteira-umbro-beat-society-prata-e-preta
Chuteira Oxn Vision Society Grafite e Preta,99.9,28,https://www.futfanatics.com.br/chuteira-oxn-vision-society-grafite-e-preta
Chuteira Oxn Vision Society Verde,99.9,28,https://www.futfanatics.com.br/chuteira-oxn-vision-society-verde
Chuteira Oxn Velox 4 Campo Azul,99.9,28,https://www.futfanatics.com.br/chuteira-oxn-velox-4-campo-azul
Chuteira Oxn Mundialli 3 Society Verde,99.9,28,https://www.futfanatics.com.br/chuteira-oxn-mundialli-3-society-verde
Chuteira Oxn Vision Futsal Grafite e Preto,99.9,28,https://www.futfanatics.com.br/chuteira-oxn-vision-futsal-grafite-e-preto
Chuteira Oxn Vision Campo Grafite e Preta,99.9,28,https://www.futfanatics.com.br/chuteira-oxn-vision-campo-grafite-e-preta
Chuteira Penalty RX Locker XXI Campo Amarela,179.9,28,https://www.futfanatics.com.br/chuteira-penalty-rx-locker-xxi-campo-amarela
Chuteira Oxn Rio Society Preta e Branca,99.9,28,https://www.futfanatics.com.br/chuteira-oxn-rio-society-preta-e-branca
Chuteira Oxn Player 3 Society Preta,99.9,28,https://www.futfanatics.com.br/chuteira-oxn-player-3-society-preta
Chuteira Oxn Player 3 Society Amarela,99.9,28,https://www.futfanatics.com.br/chuteira-oxn-player-3-society-amarela
Chuteira Puma Ultra Play IT BDP Futsal Coral,289.9,27,https://www.futfanatics.com.br/chuteira-puma-ultra-play-it-bdp-futsal-coral
Chuteira Penalty Líder Y-3 Campo Marinho,129.9,27,https://www.futfanatics.com.br/chuteira-penalty-lider-y-3-campo-marinho
Chuteira Umbro Ultraskin Campo Preta,129.9,27,https://www.futfanatics.com.br/chuteira-umbro-ultraskin-campo-preta
Chuteira Umbro Ultraskin Futsal Amarelo,129.9,27,https://www.futfanatics.com.br/chuteira-umbro-ultraskin-futsal-amarelo
Chuteira Umbro Adamant Pro Campo Preta e Branca,659.9,26,https://www.futfanatics.com.br/chuteira-umbro-adamant-pro-campo-preta-e-branca
Chuteira Umbro Reflect Campo Laranja e Preta,119.9,25,https://www.futfanatics.com.br/chuteira-umbro-reflect-campo-laranja-e-preta
Chuteira Umbro Astro Society Azul e Amarela,299.9,25,https://www.futfanatics.com.br/chuteira-umbro-astro-society-azul-e-amarela
Chuteira Umbro Cosmic Society Verde e Preta,119.9,25,https://www.futfanatics.com.br/chuteira-umbro-cosmic-society-verde-e-preta
Chuteira Umbro Reflect Futsal Laranja e Preta,119.9,25,https://www.futfanatics.com.br/chuteira-umbro-reflect-futsal-laranja-e-preta
Chuteira Umbro Reflect Campo Azul e Verde,119.9,25,https://www.futfanatics.com.br/chuteira-umbro-reflect-campo-azul-e-verde
Chuteira Umbro Agility Futsal Verde,119.9,25,https://www.futfanatics.com.br/chuteira-umbro-agility-futsal-verde
Chuteira Umbro Astro Society Coral e Preta,299.9,25,https://www.futfanatics.com.br/chuteira-umbro-astro-society-coral-e-preta
Chuteira Umbro Cosmic Campo Branca,119.9,25,https://www.futfanatics.com.br/chuteira-umbro-cosmic-campo-branca
Chuteira Penalty Brasil 70 Neo Campo Preta,179.9,25,https://www.futfanatics.com.br/chuteira-penalty-brasil-70-neo-campo-preta
Chuteira Umbro Adamant League Futsal Preta e Branca,149.9,25,https://www.futfanatics.com.br/chuteira-umbro-adamant-league-futsal-preta-e-branca
Chuteira Puma Tacto II IT BDP Futsal Azul,259.9,25,https://www.futfanatics.com.br/chuteira-puma-tacto-ii-it-bdp-futsal-azul
Chuteira Umbro Raptor Campo Preta e Prata,119.9,25,https://www.futfanatics.com.br/chuteira-umbro-raptor-campo-preta-e-prata
Chuteira Umbro Agility Futsal Marinho,119.9,25,https://www.futfanatics.com.br/chuteira-umbro-agility-futsal-marinho
Chuteira Penalty Brasil 70 Neo Campo Branca,179.9,25,https://www.futfanatics.com.br/chuteira-penalty-brasil-70-neo-campo-branca
Chuteira Umbro Touch Campo Verde,149.9,25,https://www.futfanatics.com.br/chuteira-umbro-touch-campo-verde
Chuteira Umbro Adamant League Futsal Coral,149.9,25,https://www.futfanatics.com.br/chuteira-umbro-adamant-league-futsal-coral
Chuteira Umbro Stride Society Marinho e Azul,149.9,25,https://www.futfanatics.com.br/chuteira-umbro-stride-society-marinho-e-azul
Chuteira Umbro Agility Futsal Preta,119.9,25,https://www.futfanatics.com.br/chuteira-umbro-agility-futsal-preta
Chuteira Umbro Stride Futsal Preta e Branca,149.9,25,https://www.futfanatics.com.br/chuteira-umbro-stride-futsal-preta-e-branca
Chuteira Oxn Dynamo Fit Society Marinho e Prata,89.9,25,https://www.futfanatics.com.br/chuteira-oxn-dynamo-fit-society-marinho-e-prata
Chuteira Oxn Agilis I Society Amarela,89.9,25,https://www.futfanatics.com.br/chuteira-oxn-agilis-i-society-amarela
Chuteira Kelme Fuerza Society Azul,189.9,24,https://www.futfanatics.com.br/chuteira-kelme-fuerza-society-azul
Chuteira Kelme Fuerza Futsal Vermelha,189.9,24,https://www.futfanatics.com.br/chuteira-kelme-fuerza-futsal-vermelha
Chuteira Kelme Fuerza Society Vermelha,189.9,24,https://www.futfanatics.com.br/chuteira-kelme-fuerza-society-vermelha
Chuteira Penalty RX Locker XXI Futsal Azul,189.9,24,https://www.futfanatics.com.br/chuteira-penalty-rx-locker-xxi-futsal-azul
Chuteira Penalty RX Locker XXI Campo Laranja e Pre,189.9,24,https://www.futfanatics.com.br/chuteira-penalty-rx-locker-xxi-campo-laranja-e-preta
Chuteira Oxn Agilis 2 Campo Preta,99.9,23,https://www.futfanatics.com.br/chuteira-oxn-agilis-2-campo-preta
Chuteira Umbro Velocita Alchemist Club Campo Preta e Cinza,229.9,23,https://www.futfanatics.com.br/chuteira-umbro-velocita-alchemist-club-campo-preta-e-cinza
Chuteira Umbro Beat Futsal Marinho e Prata,99.9,23,https://www.futfanatics.com.br/chuteira-umbro-beat-futsal-marinho-e-prata
Chuteira Oxn Agilis 2 Campo Preta e Amarela,99.9,23,https://www.futfanatics.com.br/chuteira-oxn-agilis-2-campo-preta-e-amarela
Chuteira Umbro Beat Campo Verde Limão,99.9,23,https://www.futfanatics.com.br/chuteira-umbro-beat-campo-verde-limao
Chuteira Umbro Beat Campo Prata e Preta,99.9,23,https://www.futfanatics.com.br/chuteira-umbro-beat-campo-prata-e-preta
Chuteira Oxn Speed 4 Society Azul,99.9,23,https://www.futfanatics.com.br/chuteira-oxn-speed-4-society-azul
Chuteira Umbro Neo Striker Futsal Laranja,129.9,23,https://www.futfanatics.com.br/chuteira-umbro-neo-striker-futsal-laranja
Chuteira Umbro Class Campo Preta,129.9,23,https://www.futfanatics.com.br/chuteira-umbro-class-campo-preta
Chuteira Penalty Fúria XXII Campo Amarela,129.9,23,https://www.futfanatics.com.br/chuteira-penalty-furia-xxii-campo-amarela
Chuteira Oxn Agilis I Society Preta e Amarela,99.9,23,https://www.futfanatics.com.br/chuteira-oxn-agilis-i-society-preta-e-amarela
Chuteira Penalty Se7e Pro Locker XX Society Laranja,329.9,23,https://www.futfanatics.com.br/chuteira-penalty-sete-pro-locker-xx-society-laranja
Chuteira Oxn Spartak 3 Society Preta e Branca,99.9,23,https://www.futfanatics.com.br/chuteira-oxn-spartak-3-society-preta-e-branca
Chuteira Penalty Líder Y-3 Campo Vermelha,139.9,22,https://www.futfanatics.com.br/chuteira-penalty-lider-y-3-campo-vermelha
Chuteira Umbro Play Campo Verde,139.9,22,https://www.futfanatics.com.br/chuteira-umbro-play-campo-verde
Chuteira Umbro Adamant Pro Campo Coral e Branca,699.9,22,https://www.futfanatics.com.br/chuteira-umbro-adamant-pro-campo-coral-e-branca
Chuteira Umbro Attak Eternal Society Preta e Dourada,169.9,22,https://www.futfanatics.com.br/chuteira-umbro-attak-eternal-society-preta-e-dourada
Chuteira Penalty Storm Y-2 Society Vermelha,179.9,21,https://www.futfanatics.com.br/chuteira-penalty-storm-y-2-society-vermelha
Chuteira Oxn Victory Society Marinho,149.9,21,https://www.futfanatics.com.br/chuteira-oxn-victory-society-marinho
Chuteira Penalty Matis XX Campo Azul,149.9,21,https://www.futfanatics.com.br/chuteira-penalty-matis-xx-campo-azul
Chuteira Umbro Tocco II Club Campo Coral e Preta,179.9,21,https://www.futfanatics.com.br/chuteira-umbro-tocco-ii-club-campo-coral-e-preta
Chuteira Penalty Storm Y-2 Society Preta,179.9,21,https://www.futfanatics.com.br/chuteira-penalty-storm-y-2-society-preta
Chuteira Penalty Matis Campo Bordô,149.9,21,https://www.futfanatics.com.br/chuteira-penalty-matis-campo-bordo
Chuteira Penalty Americas XXI Futsal Preta,149.9,21,https://www.futfanatics.com.br/chuteira-penalty-americas-xxi-futsal-preta
Chuteira Penalty Americas XXI Futsal Marinho,149.9,21,https://www.futfanatics.com.br/chuteira-penalty-americas-xxi-futsal-marinho
Chuteira Penalty RX Locker Y-3 Campo Branca,229.9,20,https://www.futfanatics.com.br/chuteira-penalty-rx-locker-y-3-campo-branca
Chuteira Oxn Rio Society Branca e Azul,119.9,20,https://www.futfanatics.com.br/chuteira-oxn-rio-society-branca-e-azul
Chuteira Umbro Adamant Club Campo Preta e Branca,279.9,20,https://www.futfanatics.com.br/chuteira-umbro-adamant-club-campo-preta-e-branca
Chuteira Oxn Fusion Grip 3 Neo Society Preta,119.9,20,https://www.futfanatics.com.br/chuteira-oxn-fusion-grip-3-neo-society-preta
Chuteira Penalty RX Locker Y-3 Campo Amarela,229.9,20,https://www.futfanatics.com.br/chuteira-penalty-rx-locker-y-3-campo-amarela
Chuteira Penalty RX Locker Y-3 Campo Azul,229.9,20,https://www.futfanatics.com.br/chuteira-penalty-rx-locker-y-3-campo-azul
Chuteira Adidas Pretator Edge 22.4 IN Futsal Laranja,279.9,20,https://www.futfanatics.com.br/chuteira-adidas-pretator-edge-22-4-in-futsal-laranja
Chuteira Umbro Illusion Futsal Preto Vinho e Coral,119.9,20,https://www.futfanatics.com.br/chuteira-umbro-illusion-futsal-preto-vinho-e-coral
Chuteira Oxn Spartak 3 Neo Society Preta e Branca,119.9,20,https://www.futfanatics.com.br/chuteira-oxn-spartak-neo-3-society-preta-e-branca
Chuteira Oxn Spartak 3 Neo Society Amarela,119.9,20,https://www.futfanatics.com.br/chuteira-oxn-spartak-neo-3-society-amarela
Chuteira Oxn Fusion Grip 3 Neo Society Preta e Azul,119.9,20,https://www.futfanatics.com.br/chuteira-oxn-fusion-grip-3-neo-society-preta-e-azul
Chuteira Oxn Fusion Grip 3 Neo Futsal Preta e Azul,119.9,20,https://www.futfanatics.com.br/chuteira-oxn-fusion-grip-3-neo-futsal-preta-e-azul
Chuteira Puma King FG BDP Campo Branca,439.9,20,https://www.futfanatics.com.br/chuteira-puma-king-fg-bdp-campo-branca
Chuteira Oxn Velox 4 Neo Society Preta e Laranja,119.9,20,https://www.futfanatics.com.br/chuteira-oxn-velox-4-neo-society-preta-e-laranja
Chuteira Oxn Velox 4 Neo Campo Marinho e Rosa,119.9,20,https://www.futfanatics.com.br/chuteira-oxn-velox-4-neo-campo-marinho-e-rosa
Chuteira Puma Ultra Match IT BDP II Futsal Laranja,439.9,20,https://www.futfanatics.com.br/chuteira-puma-ultra-match-it-bdp-ii-futsal-laranja
Chuteira Umbro Adamant League Society Preta e Branca,159.9,20,https://www.futfanatics.com.br/chuteira-umbro-adamant-league-society-preta-e-branca
Chuteira Umbro Adamant League Society Azul e Branca,159.9,20,https://www.futfanatics.com.br/chuteira-umbro-adamant-league-society-azul-e-branca
Chuteira Joma Campo Futsal Marinho e Verde Limão,239.9,20,https://www.futfanatics.com.br/chuteira-joma-campo-futsal-marinho-e-verde-limao
Chuteira Kelme Fuerza Futsal Azul,199.9,20,https://www.futfanatics.com.br/chuteira-kelme-fuerza-futsal-azul
Chuteira Penalty Bravo XXII Campo Amarela,119.9,20,https://www.futfanatics.com.br/chuteira-penalty-bravo-xxii-campo-amarela
Chuteira Kelme Flamenco Futsal Couro Preta,359.9,20,https://www.futfanatics.com.br/chuteira-kelme-flamenco-futsal-preta
Chuteira Umbro Beat Society Laranja,119.9,20,https://www.futfanatics.com.br/chuteira-umbro-beat-society-laranja
Chuteira Umbro Z League Futsal Azul,119.9,20,https://www.futfanatics.com.br/chuteira-umbro-z-league-futsal-azul
Chuteira Oxn Velox 4 Neo Society Azul,119.9,20,https://www.futfanatics.com.br/chuteira-oxn-velox-4-neo-society-azul
Chuteira Dray Styfel 466 Society Preta e Verde,119.9,20,https://www.futfanatics.com.br/chuteira-dray-styfel-466-society-preta-e-verde
Chuteira Penalty Bravo XXII Society Amarela,119.9,20,https://www.futfanatics.com.br/chuteira-penalty-bravo-xxii-society-amarela
Chuteira Oxn Fusion Grip 4 Campo Preta,119.9,20,https://www.futfanatics.com.br/chuteira-oxn-fusion-grip-4-campo-preta
Chuteira Umbro Velocita Alchemist Club Campo Verde Limão,199.9,20,https://www.futfanatics.com.br/chuteira-umbro-velocita-alchemist-club-campo-verde-limao
Chuteira Oxn Fusion Grip 4 Society Rosa,119.9,20,https://www.futfanatics.com.br/chuteira-oxn-fusion-grip-4-society-rosa
Chuteira Oxn Rio Society Preta e Dourada,119.9,20,https://www.futfanatics.com.br/chuteira-oxn-rio-society-preta-e-dourada
Chuteira Puma Ultra Play IT BDP Futsal II Verde,319.9,20,https://www.futfanatics.com.br/chuteira-puma-ultra-play-it-bdp-futsal-ii-verde
Chuteira Umbro Fifty IV Futsal Azul,159.9,20,https://www.futfanatics.com.br/chuteira-umbro-fifty-iv-futsal-azul
Chuteira Umbro Fifty IV Futsal Rosa,159.9,20,https://www.futfanatics.com.br/chuteira-umbro-fifty-iv-futsal-rosa
Chuteira Umbro Fifty IV Society Azul,159.9,20,https://www.futfanatics.com.br/chuteira-umbro-fifty-iv-society-azul
Chuteira Oxn Vision 2 Campo Preta,119.9,20,https://www.futfanatics.com.br/chuteira-oxn-vision-2-campo-preta
Chuteira Penalty Bravo XXII Society Laranja,119.9,20,https://www.futfanatics.com.br/chuteira-penalty-bravo-xxii-society-laranja
Chuteira Puma Ultra Play FG/AG BDP Campo Limão,319.9,20,https://www.futfanatics.com.br/chuteira-puma-ultra-play-fg/ag-bdp-campo-limao
Chuteira Oxn Vision 2 Campo Verde,119.9,20,https://www.futfanatics.com.br/chuteira-oxn-vision-2-campo-verde
Chuteira Oxn Dynamo Fit Campo Preta e Rosa,89.9,18,https://www.futfanatics.com.br/chuteira-oxn-dynamo-fit-campo-preta-e-rosa
Chuteira Puma King TT BDP Society Preta,449.9,18,https://www.futfanatics.com.br/chuteira-puma-king-tt-bdp-society-preta
Chuteira Umbro Cosmic Society Azul,129.9,18,https://www.futfanatics.com.br/chuteira-umbro-cosmic-society-azul
Chuteira Penalty Se7e Pro Locker XX Society Preta,349.9,18,https://www.futfanatics.com.br/chuteira-penalty-se7e-pro-locker-xx-society-preta
Chuteira Umbro Class Society Marinho e Branca,129.9,18,https://www.futfanatics.com.br/chuteira-umbro-class-society-marinho-e-branca
Chuteira Oxn Spartak 4 Neo Society Amarela,129.9,18,https://www.futfanatics.com.br/chuteira-oxn-spartak-4-neo-society-amarela
Chuteira Umbro Tocco II Club Futsal Coral e Preta,179.9,18,https://www.futfanatics.com.br/chuteira-umbro-tocco-ii-club-futsal-coral-e-preta
Chuteira Umbro Agility Society Preta,129.9,18,https://www.futfanatics.com.br/chuteira-umbro-agility-society-preta
Chuteira Umbro Raptor Society Preta,129.9,18,https://www.futfanatics.com.br/chuteira-umbro-raptor-society-preta
Chuteira Umbro Class Society Preta e Dourada,129.9,18,https://www.futfanatics.com.br/chuteira-umbro-class-society-preta-e-dourada
Chuteira Penalty RX Locker Y-3 Campo Preta,239.9,17,https://www.futfanatics.com.br/chuteira-penalty-rx-locker-y-3-campo-preta
Chuteira Penalty S11 Locker XXI Campo Vermelha,189.9,17,https://www.futfanatics.com.br/chuteira-penalty-s11-locker-xxi-campo-laranja
Chuteira Penalty RX Locker Y-3 Society Preta,229.9,17,https://www.futfanatics.com.br/chuteira-penalty-rx-locker-y-3-society-preta
Chuteira Umbro Class RB Campo Preta e Branca,139.9,17,https://www.futfanatics.com.br/chuteira-umbro-class-rb-campo-preta-e-branca
Chuteira Umbro Class Campo All Black,139.9,17,https://www.futfanatics.com.br/chuteira-umbro-class-campo-all-black
Chuteira Umbro Class Futsal Preta e Branca,139.9,17,https://www.futfanatics.com.br/chuteira-umbro-class-futsal-preta-e-branca
Chuteira Umbro Class Society Preta e Branca,139.9,17,https://www.futfanatics.com.br/chuteira-umbro-society-class-preta-e-branca
Chuteira Penalty RX Locker Y-3 Society Azul e Verde,229.9,17,https://www.futfanatics.com.br/chuteira-penalty-rx-locker-y-3-society-azul-e-verde
Chuteira Kelme Squadra Society Preta e Verde,189.9,17,https://www.futfanatics.com.br/chuteira-kelme-squadra-society-preta-e-verde
Chuteira Penalty RX Locker Y-3 Campo Laranja,239.9,17,https://www.futfanatics.com.br/chuteira-penalty-rx-locker-y-3-campo-laranja
Chuteira Penalty RX Locker XXI Society Preta,199.9,16,https://www.futfanatics.com.br/chuteira-penalty-rx-locker-xxi-society-preta
Chuteira Dray Foorcy 326 Society Preta e Laranja,99.9,16,https://www.futfanatics.com.br/chuteira-dray-foorcy-326-society-preta-e-laranja
Chuteira Oxn Agilis Campo Preta e Amarela,99.9,16,https://www.futfanatics.com.br/chuteira-oxn-agilis-campo-preta-e-amarela
Chuteira Oxn Agilis Society Amarela Fluorescente,99.9,16,https://www.futfanatics.com.br/chuteira-oxn-agilis-society-amarela-fluorescente
Chuteira Penalty RX Locker XXI Society Laranja,199.9,16,https://www.futfanatics.com.br/chuteira-penalty-rx-locker-xxi-society-laranja
Chuteira Penalty RX Locker XXI Society Amarela,199.9,16,https://www.futfanatics.com.br/chuteira-penalty-rx-locker-xxi-society-amarela
Chuteira Dray Foorcy 326 Society Preta,99.9,16,https://www.futfanatics.com.br/chuteira-dray-foorcy-326-society-preta
Chuteira Penalty RX Locker XXI Futsal Amarela,199.9,16,https://www.futfanatics.com.br/chuteira-penalty-rx-locker-xxi-futsal-amarela
Chuteira Umbro Ultraskin Futsal Marinho e Branca,149.9,16,https://www.futfanatics.com.br/chuteira-umbro-ultraskin-futsal-marinho-e-branca
Chuteira Penalty Líder Y-3 Campo Preta,149.9,16,https://www.futfanatics.com.br/chuteira-penalty-lider-y-3-campo-preta-futfanatics
Chuteira Umbro Ultraskin Futsal Preta,149.9,16,https://www.futfanatics.com.br/chuteira-umbro-ultraskin-futsal-preta
Chuteira Umbro Ultraskin Futsal Coral,149.9,16,https://www.futfanatics.com.br/chuteira-umbro-ultraskin-futsal-coral
Chuteira Dray Foorcy XIV Society Vermelha,99.9,16,https://www.futfanatics.com.br/chuteira-dray-foorcy-xiv-society-vermelha
Chuteira Joma Campo Futsal Verde Limão,249.9,16,https://www.futfanatics.com.br/chuteira-joma-campo-futsal-verde-limao
Chuteira Penalty RX Locker XXI Futsal Preta,199.9,16,https://www.futfanatics.com.br/chuteira-penalty-rx-locker-xxi-futsal-preta
Chuteira Umbro Adamant Premier Campo Preta e Branca,419.9,16,https://www.futfanatics.com.br/chuteira-umbro-adamant-premier-campo-preta-e-branca
Chuteira Umbro Adamant Premier Campo Laranja e Branca,419.9,16,https://www.futfanatics.com.br/chuteira-umbro-adamant-premier-campo-laranja-e-branca
Chuteira Dray Foorcy XIII Society Azul,99.9,16,https://www.futfanatics.com.br/chuteira-dray-foorcy-xiii-society-azul
Chuteira Oxn Track Fit Society Azul,99.9,16,https://www.futfanatics.com.br/chuteira-oxn-track-fit-society-azul
Chuteira Penalty Brasil 70 Locker XXI Futsal Marinho,279.9,15,https://www.futfanatics.com.br/chuteira-penalty-brasil-70-locker-xxi-futsal-marinho
Chuteira Penalty Brasil 70 Locker XXI Futsal Branca,279.9,15,https://www.futfanatics.com.br/chuteira-penalty-brasil-70-locker-xxi-futsal-branca
Chuteira Penalty Max 1000 Ecoknit Futsal Preta,339.9,15,https://www.futfanatics.com.br/chuteira-penalty-max-1000-ecoknit-futsal-preta
Chuteira Penalty S11 Locker Ecoknit XXI Campo Branca,339.9,15,https://www.futfanatics.com.br/chuteira-penalty-s11-locker-ecoknit-xxi-campo-branca
Chuteira Penalty Max 1000 Ecoknit Futsal Branca,339.9,15,https://www.futfanatics.com.br/chuteira-penalty-max-1000-ecoknit-futsal-branca
Chuteira Penalty Max 1000 Ecoknit Futsal Marinho,339.9,15,https://www.futfanatics.com.br/chuteira-penalty-max-1000-ecoknit-futsal-marinho
Chuteira Penalty Max 500 Ecoknit XXI Futsal Vermelha,329.9,15,https://www.futfanatics.com.br/chuteira-penalty-max-500-ecoknit-xxi-futsal-vermelha
Chuteira Penalty Max 500 Ecoknit XXI Futsal Amarela,329.9,15,https://www.futfanatics.com.br/chuteira-penalty-max-500-ecoknit-xxi-futsal-amarela
Chuteira Penalty Max 500 Ecoknit XXI Futsal Preta,329.9,15,https://www.futfanatics.com.br/chuteira-penalty-max-500-ecoknit-xxi-futsal-preta
Chuteira Penalty Americas XXI Futsal Azul,159.9,15,https://www.futfanatics.com.br/chuteira-penalty-americas-xxi-futsal-azul
Chuteira Umbro Neo Striker Futsal Preta e Branca,169.9,15,https://www.futfanatics.com.br/chuteira-umbro-neo-striker-futsal-preta-e-branca
Chuteira Umbro Neo Striker Society Preta,169.9,15,https://www.futfanatics.com.br/chuteira-umbro-neo-striker-society-preta
Chuteira Umbro Stride Campo Branca e Preta,169.9,15,https://www.futfanatics.com.br/chuteira-umbro-stride-campo-branca-e-preta
Chuteira Penalty Brasil 70 Locker XXI Futsal Preta,279.9,15,https://www.futfanatics.com.br/chuteira-penalty-brasil-70-locker-xxi-futsal-preta
Chuteira Umbro Stride Futsal Branca e Preta,169.9,15,https://www.futfanatics.com.br/chuteira-umbro-stride-futsal-branca-e-preta
Chuteira Umbro Adamant League Campo Azul e Branca,169.9,15,https://www.futfanatics.com.br/chuteira-umbro-adamant-league-campo-azul-e-branca
Chuteira Umbro Fast Campo Preta,119.9,14,https://www.futfanatics.com.br/chuteira-umbro-fast-campo-preta
Chuteira Penalty Se7e XXI Society Vermelha,289.9,14,https://www.futfanatics.com.br/chuteira-penalty-se7e-xxi-society-vermelha
Chuteira Dray 802 Futsal Prata,119.9,14,https://www.futfanatics.com.br/chuteira-dray-802-futsal-prata
Chuteira Adidas Copa Sense 21.4 FG Campo Preta e Branca,299.9,14,https://www.futfanatics.com.br/chuteira-adidas-copa-sense-21-4-fg-campo-preta-e-branca
Chuteira Umbro Speciali III Pro Society Dourada e Branca,299.9,14,https://www.futfanatics.com.br/chuteira-umbro-speciali-iii-pro-society-dourada-e-branca
Chuteira Umbro Beat Futsal Amarelo,119.9,14,https://www.futfanatics.com.br/chuteira-umbro-beat-futsal-amarelo
Chuteira Oxn Gênio 3 Society Rosa,119.9,14,https://www.futfanatics.com.br/chuteira-oxn-genio-3-society-rosa
Chuteira Oxn Gênio 3 Campo Preta,119.9,14,https://www.futfanatics.com.br/chuteira-oxn-genio-3-campo-preta-futfanatics
Chuteira Umbro Adamant Club Campo Coral e Branca,299.9,14,https://www.futfanatics.com.br/chuteira-umbro-adamant-club-campo-coral-e-branca
Chuteira Adidas X Speedportal 22.4 FxG Campo Preta,299.9,14,https://www.futfanatics.com.br/chuteira-adidas-x-speedportal-22-4-fxg-campo-preta
Chuteira Penalty Se7e XXI Society Preta,289.9,14,https://www.futfanatics.com.br/chuteira-penalty-se7e-xxi-society-preta
Chuteira Penalty Se7e XXI Society Branca,289.9,14,https://www.futfanatics.com.br/chuteira-penalty-se7e-xxi-society-branca
Chuteira Oxn Rio Futsal Preta e Verde,119.9,14,https://www.futfanatics.com.br/chuteira-oxn-rio-futsal-preta-e-verde
Chuteira Oxn Rio Society Branca e Cinza,119.9,14,https://www.futfanatics.com.br/chuteira-oxn-rio-society-branca-e-cinza
Chuteira Oxn Velox 4 Futsal Preta e Azul,119.9,14,https://www.futfanatics.com.br/chuteira-oxn-velox-4-futsal-preta-e-azul
Chuteira Oxn Velox 4 Futsal Laranja,119.9,14,https://www.futfanatics.com.br/chuteira-oxn-velox-4-futsal-laranja
Chuteira Oxn Velox 4 Futsal Amarela,119.9,14,https://www.futfanatics.com.br/chuteira-oxn-velox-4-futsal-amarela
Chuteira Oxn Avanti 2 Society Preta,119.9,14,https://www.futfanatics.com.br/chuteira-oxn-avanti-2-society-preta
Chuteira Oxn Gênio 3 Society Rosa e Preta,119.9,14,https://www.futfanatics.com.br/chuteira-oxn-genio-3-society-rosa-e-preta
Chuteira Dray 802 Futsal Preta,119.9,14,https://www.futfanatics.com.br/chuteira-dray-802-futsal-preta
Chuteira Oxn Gênio 3 Campo Black,119.9,14,https://www.futfanatics.com.br/chuteira-oxn-genio-3-campo-black
Chuteira Oxn Speed 4 Society Cinza,119.9,14,https://www.futfanatics.com.br/chuteira-oxn-speed-4-society-cinza
Chuteira Umbro Fast Society Azul e Verde,119.9,14,https://www.futfanatics.com.br/chuteira-umbro-fast-society-azul-e-verde
Chuteira Umbro Fast Futsal Azul e Verde,119.9,14,https://www.futfanatics.com.br/chuteira-umbro-fast-futsal-azul-e-verde
Chuteira Umbro Fast Futsal Preta,119.9,14,https://www.futfanatics.com.br/chuteira-umbro-fast-futsal-preta
Chuteira Umbro Cosmic Campo Azul,119.9,14,https://www.futfanatics.com.br/chuteira-umbro-cosmic-campo-azul
Chuteira Oxn Vision Futsal Preta,119.9,14,https://www.futfanatics.com.br/chuteira-oxn-vision-futsal-preta
Chuteira Oxn Vision Society Preta,119.9,14,https://www.futfanatics.com.br/chuteira-oxn-vision-society-preta
Chuteira Oxn Player 3 Futsal Amarela,119.9,14,https://www.futfanatics.com.br/chuteira-oxn-player-3-futsal-amarela
Chuteira Oxn Player 3 Futsal Preta,119.9,14,https://www.futfanatics.com.br/chuteira-oxn-player-3-futsal-preta
Chuteira Oxn Mundialli 3 Futsal Preta e Branca,119.9,14,https://www.futfanatics.com.br/chuteira-oxn-mundialli-3-futsal-preta-e-branca
Chuteira Oxn Agilis 2 Futsal Verde,119.9,14,https://www.futfanatics.com.br/chuteira-oxn-agilis-2-futsal-verde
Chuteira Oxn Velox 4 Futsal Azul,119.9,14,https://www.futfanatics.com.br/chuteira-oxn-velox-4-futsal-azul
Chuteira Oxn Mundialli 3 Society Branca e Verde,119.9,14,https://www.futfanatics.com.br/chuteira-oxn-mundialli-3-society-branca-e-verde
Chuteira Oxn Mundialli 3 Futsal Preta e Dourada,119.9,14,https://www.futfanatics.com.br/chuteira-oxn-mundialli-3-futsal-preta-e-dourada
Chuteira Umbro Beat Futsal Azul e Marinho,119.9,14,https://www.futfanatics.com.br/chuteira-umbro-beat-futsal-azul-e-marinho
Chuteira Umbro Fast Futsal Marinho,119.9,14,https://www.futfanatics.com.br/chuteira-umbro-fast-futsal-marinho
Chuteira Oxn Avanti 2 Society Vermelha,119.9,14,https://www.futfanatics.com.br/chuteira-oxn-avanti-2-society-vermelha
Chuteira Oxn Vision Society Grafite e Laranja,119.9,14,https://www.futfanatics.com.br/chuteira-oxn-vision-society-grafite-e-laranja
Chuteira Penalty RX Locker Y-3 Society Laranja,239.9,14,https://www.futfanatics.com.br/chuteira-penalty-rx-locker-y-3-society-laranja
Chuteira Penalty RX Locker Y-3 Society Amarela,239.9,14,https://www.futfanatics.com.br/chuteira-penalty-rx-locker-y-3-society-amarela
Chuteira Penalty Brasil 70 Neo Futsal Marinho,229.9,14,https://www.futfanatics.com.br/chuteira-penalty-brasil-70-neo-futsal-marinho
Chuteira Joma Mundial Society Azul,429.9,14,https://www.futfanatics.com.br/chuteira-joma-mundial-society-azul
Chuteira Oxn Velox 4 Neo Campo Azul,129.9,13,https://www.futfanatics.com.br/chuteira-oxn-velox-4-neo-campo-azul
Chuteira Umbro Attak Eternal Campo Preta,189.9,13,https://www.futfanatics.com.br/chuteira-umbro-attak-eternal-campo-preta
Chuteira Umbro Beat Futsal Preta,129.9,13,https://www.futfanatics.com.br/chuteira-umbro-beat-futsal-preta
Chuteira Umbro Attak Eternal Society All Black,189.9,13,https://www.futfanatics.com.br/chuteira-umbro-attak-eternal-society-all-black
Chuteira Umbro Beat Society Preta,129.9,13,https://www.futfanatics.com.br/chuteira-umbro-beat-society-preta
Chuteira Umbro Class Futsal Prata,129.9,13,https://www.futfanatics.com.br/chuteira-umbro-class-futsal-prata
Chuteira Umbro Illusion Futsal Branca,129.9,13,https://www.futfanatics.com.br/chuteira-umbro-illusion-futsal-branca
Chuteira Penalty Bravo XXII Futsal Preta,129.9,13,https://www.futfanatics.com.br/chuteira-penalty-bravo-xxii-futsal-preta
Chuteira Penalty Bravo XXII Campo Preta,129.9,13,https://www.futfanatics.com.br/chuteira-penalty-bravo-xxii-campo-preta
Chuteira Kelme Flamenco Futsal Amarela e Cinza,329.9,13,https://www.futfanatics.com.br/chuteira-kelme-flamenco-futsal-amarela-e-cinza
Chuteira Umbro Illusion Futsal Cinza,129.9,13,https://www.futfanatics.com.br/chuteira-umbro-illusion-futsal-cinza
Chuteira Umbro Fifty IV Society Branca,199.9,13,https://www.futfanatics.com.br/chuteira-umbro-fifty-iv-society-branca
Chuteira Umbro Fifty IV Futsal Branca,199.9,13,https://www.futfanatics.com.br/chuteira-umbro-fifty-iv-futsal-branca
Chuteira Penalty Bravo XXII Society Preta e Vermelha,129.9,13,https://www.futfanatics.com.br/chuteira-penalty-bravo-xxii-society-preta-e-vermelha
Chuteira Umbro Illusion Society Cinza e Preta,129.9,13,https://www.futfanatics.com.br/chuteira-umbro-illusion-society-cinza-e-preta
Chuteira Umbro Fifty IV Society Preta,199.9,13,https://www.futfanatics.com.br/chuteira-umbro-fifty-iv-society-preta
Chuteira Kelme Subito Futsal Azul,199.9,13,https://www.futfanatics.com.br/chuteira-kelme-subito-society-azul
Chuteira Penalty Bravo XXII Campo Preta e Vermelha,129.9,13,https://www.futfanatics.com.br/chuteira-penalty-bravo-xxii-campo-preta-e-vermelha
Chuteira Umbro Fifty IV Futsal Preta,199.9,13,https://www.futfanatics.com.br/chuteira-umbro-fifty-iv-futsal-preta
Chuteira Umbro Cosmic Society Preta e Roxa,129.9,13,https://www.futfanatics.com.br/chuteira-umbro-cosmic-society-preta-e-roxa
Chuteira Umbro Cosmic Futsal Verde e Azul,129.9,13,https://www.futfanatics.com.br/chuteira-umbro-cosmic-futsal-verde-e-azul
Chuteira Umbro Cosmic Futsal Preta e Branca,129.9,13,https://www.futfanatics.com.br/chuteira-umbro-cosmic-futsal-preta-e-branca
Chuteira Umbro Tocco II Club Campo Preto,199.9,13,https://www.futfanatics.com.br/chuteira-umbro-tocco-ii-club-campo-preto
Chuteira Penalty Storm Y-2 Society Azul,199.9,13,https://www.futfanatics.com.br/chuteira-penalty-storm-y-2-society-azul
Chuteira Oxn Velox 4 Neo Campo Amarela,129.9,13,https://www.futfanatics.com.br/chuteira-oxn-velox-4-neo-campo-amarela
Chuteira Oxn Fusion Grip 3 Neo Society Preta e Verde,129.9,13,https://www.futfanatics.com.br/chuteira-oxn-fusion-grip-3-neo-society-preta-e-verde
Chuteira Oxn Velox 4 Neo Campo Preta e Azul,129.9,13,https://www.futfanatics.com.br/chuteira-oxn-velox-4-neo-campo-preta-e-azul
Chuteira Oxn Fusion Grip 3 Neo Hybrid Society Vermelha,129.9,13,https://www.futfanatics.com.br/chuteira-oxn-fusion-grip-3-neo-hybrid-society-vermelha
Chuteira Oxn Velox 4 Neo Futsal Amarela,129.9,13,https://www.futfanatics.com.br/chuteira-oxn-velox-4-neo-futsal-amarela
Chuteira Oxn Velox 4 Neo Society Laranja,129.9,13,https://www.futfanatics.com.br/chuteira-oxn-velox-4-neo-society-laranja
Chuteira Oxn Velox 4 Neo Society Grafite,129.9,13,https://www.futfanatics.com.br/chuteira-oxn-velox-4-neo-society-grafite
Chuteira Oxn Velox 4 Neo Campo Grafite,129.9,13,https://www.futfanatics.com.br/chuteira-oxn-velox-4-neo-campo-grafite
Chuteira Umbro Beat Campo Coral,129.9,13,https://www.futfanatics.com.br/chuteira-umbro-beat-campo-coral
Chuteira Oxn Velox 4 Neo Society Preta e Azul,129.9,13,https://www.futfanatics.com.br/chuteira-oxn-velox-4-neo-society-preta-e-azul
Chuteira Umbro Illusion Society Preto Vinho e Coral,129.9,13,https://www.futfanatics.com.br/chuteira-umbro-illusion-society-preto-vinho-e-coral
Chuteira Penalty S11 Locker XXI Campo Bordô,199.9,13,https://www.futfanatics.com.br/chuteira-penalty-s11-locker-xxi-campo-bordo
Chuteira Umbro Sala Z Futsal Verde Limão e Cinza,389.9,13,https://www.futfanatics.com.br/chuteira-umbro-sala-z-futsal-verde-limao-e-cinza
Chuteira Penalty Bravo XXII Futsal Preta e Vermelha,129.9,13,https://www.futfanatics.com.br/chuteira-penalty-bravo-xxii-futsal-preta-e-vermelha
Chuteira Adidas Predator 22.3 IN Futsal Laranja,519.9,13,https://www.futfanatics.com.br/chuteira-adidas-predator-22-3-in-futsal-laranja
Chuteira Umbro Beat Campo Azul,129.9,13,https://www.futfanatics.com.br/chuteira-umbro-beat-campo-azul
Chuteira Oxn Fusion Grip 3 Neo Society Vermelha,129.9,13,https://www.futfanatics.com.br/chuteira-oxn-fusion-grip-3-neo-society-vermelha
Chuteira Oxn Velox 4 Neo Futsal Preta e Laranja,129.9,13,https://www.futfanatics.com.br/chuteira-oxn-velox-4-neo-futsal-preta-e-laranja
Chuteira Oxn Velox 4 Neo Society Marinho e Rosa,129.9,13,https://www.futfanatics.com.br/chuteira-oxn-velox-4-neo-society-marinho-e-rosa
Chuteira Oxn Fusion Grip 3 Neo Society Preta e Rosa,129.9,13,https://www.futfanatics.com.br/chuteira-oxn-fusion-grip-3-neo-society-preta-e-rosa
Chuteira Umbro Beat Campo Preta,129.9,13,https://www.futfanatics.com.br/chuteira-umbro-beat-campo-preta
Chuteira Oxn Fusion Grip 3 Neo Futsal Preta e Verde,129.9,13,https://www.futfanatics.com.br/chuteira-oxn-fusion-grip-3-neo-futsal-preta-e-verde
Chuteira Oxn Fusion Grip 3 Neo Society Vermelha e Preta,129.9,13,https://www.futfanatics.com.br/chuteira-oxn-fusion-grip-3-neo-society-vermelha-e-preta
Chuteira Umbro Beat Society Azul,129.9,13,https://www.futfanatics.com.br/chuteira-umbro-beat-society-azul
Chuteira Penalty RX Locker Y-3 Campo Azul e Verde,249.9,13,https://www.futfanatics.com.br/chuteira-penalty-rx-locker-y-3-campo-azul-e-verde
Chuteira Oxn Spartak 4 Neo Society Branca,139.9,12,https://www.futfanatics.com.br/chuteira-oxn-spartak-4-neo-society-branca
Chuteira Oxn Velox 4 Neo Futsal Marinho e Rosa,139.9,12,https://www.futfanatics.com.br/chuteira-oxn-velox-4-neo-futsal-marinho-e-rosa
Chuteira Umbro Z League Campo Preta,139.9,12,https://www.futfanatics.com.br/chuteira-umbro-z-league-campo-preta
Chuteira Umbro Z League Society Preta,139.9,12,https://www.futfanatics.com.br/chuteira-umbro-z-league-society-preta
Chuteira Oxn Fusion Grip 4 Neo Campo Bordô,139.9,12,https://www.futfanatics.com.br/chuteira-oxn-fusion-grip-4-neo-campo-bordo
Chuteira Kelme Elite Futsal Azul,349.9,12,https://www.futfanatics.com.br/chuteira-kelme-elite-futsal-azul
Chuteira Umbro Velocita Alchemist Club Society Cinza e Preta,219.9,12,https://www.futfanatics.com.br/chuteira-umbro-velocita-alchemist-club-society-cinza-e-preta
Chuteira Kelme Fuerza Futsal Amarela,219.9,12,https://www.futfanatics.com.br/chuteira-kelme-fuerza-futsal-amarela
Chuteira Oxn Fusion Grip 4 Neo Campo Preta,139.9,12,https://www.futfanatics.com.br/chuteira-oxn-fusion-grip-4-neo-campo-preta
Chuteira Umbro Raptor Campo Preta,139.9,12,https://www.futfanatics.com.br/chuteira-umbro-raptor-campo-preta
Chuteira Oxn Fusion Grip 4 Neo Society Azul,139.9,12,https://www.futfanatics.com.br/chuteira-oxn-fusion-grip-4-neo-society-azul
Chuteira Umbro Cosmic Society Branca,139.9,12,https://www.futfanatics.com.br/chuteira-umbro-cosmic-society-branca
Chuteira Umbro Cosmic Society Cinza,139.9,12,https://www.futfanatics.com.br/chuteira-umbro-cosmic-society-cinza
Chuteira Umbro Z League Society Marinho,139.9,12,https://www.futfanatics.com.br/chuteira-umbro-z-league-society-marinho
Chuteira Umbro Cosmic Futsal Cinza,139.9,12,https://www.futfanatics.com.br/chuteira-umbro-cosmic-futsal-cinza
Chuteira Umbro Cosmic Futsal Azul,139.9,12,https://www.futfanatics.com.br/chuteira-umbro-cosmic-futsal-azul
Chuteira Umbro Cosmic Campo Preta E Cinza,139.9,12,https://www.futfanatics.com.br/chuteira-umbro-cosmic-campo-preta-e-cinza
Chuteira Umbro Raptor Futsal Preta e Dourada,139.9,12,https://www.futfanatics.com.br/chuteira-umbro-raptor-ii-futsal-preta
Chuteira Umbro Reflect Futsal Azul e Verde,139.9,12,https://www.futfanatics.com.br/chuteira-umbro-reflect-futsal-azul-e-verde
Chuteira Umbro Class Campo Marinho e Branca,139.9,12,https://www.futfanatics.com.br/chuteira-umbro-class-campo-marinho-e-branca
Chuteira Umbro Cosmic Campo Verde e Azul,139.9,12,https://www.futfanatics.com.br/chuteira-umbro-cosmic-campo-verde-e-azul
Chuteira Umbro Reflect Society Prata e Preta,139.9,12,https://www.futfanatics.com.br/chuteira-umbro-reflect-society-prata-e-preta
Chuteira Umbro Class Futsal Marinho e Branca,139.9,12,https://www.futfanatics.com.br/chuteira-umbro-class-futsal-marinho-e-branca
Chuteira Kelme Fuerza Society Preta,219.9,12,https://www.futfanatics.com.br/chuteira-kelme-fuerza-society-preta
Chuteira Umbro Class Futsal Preta e Dourada,139.9,12,https://www.futfanatics.com.br/chuteira-umbro-class-futsal-preta-e-dourada
Chuteira Umbro Z League Campo Marinho,139.9,12,https://www.futfanatics.com.br/chuteira-umbro-z-league-campo-marinho
Chuteira Oxn Velox 4 Neo Futsal Azul,139.9,12,https://www.futfanatics.com.br/chuteira-oxn-velox-4-neo-futsal-azul
Chuteira Umbro Reflect Society Azul e Verde,139.9,12,https://www.futfanatics.com.br/chuteira-umbro-reflect-society-azul-e-verde
Chuteira Penalty Líder Y-3 Society Marinho,159.9,11,https://www.futfanatics.com.br/chuteira-penalty-lider-y-3-society-marinho
Chuteira Penalty Fúria XXII Futsal Amarela,149.9,11,https://www.futfanatics.com.br/chuteira-penalty-furia-xxii-futsal-amarela
Chuteira Umbro Neo Striker Campo Marinho e Dourada,159.9,11,https://www.futfanatics.com.br/chuteira-umbro-neo-striker-campo-marinho-e-dourada
Chuteira Umbro Sala Z Club Futsal Verde e Preta,239.9,11,https://www.futfanatics.com.br/chuteira-umbro-sala-z-club-futsal-verde-e-preta
Chuteira Penalty Líder Y-3 Futsal Marinho,159.9,11,https://www.futfanatics.com.br/chuteira-penalty-lider-y-3-futsal-marinho
Chuteira Penalty Digital Pro Society Preta,239.9,11,https://www.futfanatics.com.br/chuteira-penalty-digital-pro-society-preta
Chuteira Penalty Garra Society Branca,149.9,11,https://www.futfanatics.com.br/chuteira-penalty-garra-society-branca
Chuteira Penalty Garra Society Preta,149.9,11,https://www.futfanatics.com.br/chuteira-penalty-garra-society-preta
Chuteira Umbro Class Society Preta,149.9,11,https://www.futfanatics.com.br/chuteira-umbro-class-society-preta
Chuteira Penalty Americas XXI Futsal Vermelha,159.9,11,https://www.futfanatics.com.br/chuteira-penalty-americas-xxi-futsal-vermelha
Chuteira Umbro Neo Striker Campo Preta e Verde,159.9,11,https://www.futfanatics.com.br/chuteira-umbro-neo-striker-campo-preta-e-verde
Chuteira Penalty Brasil 70 Neo Futsal Azul e Amare,239.9,11,https://www.futfanatics.com.br/chuteira-penalty-brasil-70-neo-futsal-azul-e-amarela
Chuteira Umbro Neo Striker Society Preta e Verde,159.9,11,https://www.futfanatics.com.br/chuteira-umbro-neo-striker-society-preta-e-verde
Chuteira Penalty Líder Y-3 Futsal Preta,159.9,11,https://www.futfanatics.com.br/chuteira-penalty-lider-y-3-futsal-preta
Chuteira Penalty Líder Y-3 Futsal Vermelha,159.9,11,https://www.futfanatics.com.br/chuteira-penalty-lider-y-3-futsal-vermelha
Chuteira Penalty Líder Y-3 Society Bordô,159.9,11,https://www.futfanatics.com.br/chuteira-penalty-lider-y-3-society-bordo
Chuteira Penalty Líder Y-3 Futsal Bordô,159.9,11,https://www.futfanatics.com.br/chuteira-penalty-lider-y-3-futsal-bordo
Chuteira Penalty Líder Y-3 Society Preta,159.9,11,https://www.futfanatics.com.br/chuteira-penalty-lider-y-3-society-preta
Chuteira Umbro Ultraskin Campo Preta e Verde,159.9,11,https://www.futfanatics.com.br/chuteira-umbro-ultraskin-campo-preta-e-verde
Chuteira Penalty Brasil 70 Neo Futsal Azul,239.9,11,https://www.futfanatics.com.br/chuteira-penalty-brasil-70-neo-futsal-azul
Chuteira Penalty Digital Pro Society Branca,239.9,11,https://www.futfanatics.com.br/chuteira-penalty-digital-pro-society-branca
Chuteira Penalty Líder Y-3 Society Vermelha,159.9,11,https://www.futfanatics.com.br/chuteira-penalty-lider-y-3-society-vermelha
Chuteira Penalty Fúria XXII Society Amarela,149.9,11,https://www.futfanatics.com.br/chuteira-penalty-furia-xxii-society-amarela
Chuteira Penalty Fúria XXII Futsal Preta,149.9,11,https://www.futfanatics.com.br/chuteira-penalty-furia-xxii-futsal-preta
Chuteira Umbro Frame Campo Laranja,149.9,11,https://www.futfanatics.com.br/chuteira-umbro-frame-campo-laranja
Chuteira Umbro Class Campo Azul e Preta,149.9,11,https://www.futfanatics.com.br/chuteira-umbro-class-campo-azul-e-preta
Chuteira Kelme Flamenco Society Preta,399.9,11,https://www.futfanatics.com.br/chuteira-kelme-flamenco-society-preta
Chuteira Penalty Fúria XXII Society Marinho,149.9,11,https://www.futfanatics.com.br/chuteira-penalty-furia-xxii-society-marinho
Chuteira Penalty Fúria XXII Society Preta,149.9,11,https://www.futfanatics.com.br/chuteira-penalty-furia-xxii-society-preta
Chuteira Penalty Se7e Pro Ecoknit Society Marinho,379.9,11,https://www.futfanatics.com.br/chuteira-penalty-se7e-pro-ecoknit-society-marinho
Chuteira Penalty Se7e Pro Ecoknit Society Branca,379.9,11,https://www.futfanatics.com.br/chuteira-penalty-se7e-pro-ecoknit-society-branca
Chuteira Adidas Copa Pure 23.4 FxG Campo Preta,359.9,10,https://www.futfanatics.com.br/chuteira-adidas-copa-pure-23-4-fxg-campo-preta
Chuteira Penalty S11 Locker Ecoknit XXI Campo Bordô,359.9,10,https://www.futfanatics.com.br/chuteira-penalty-s11-locker-ecoknit-xxi-campo-bordo
Chuteira Adidas Predator Accuracy 23.4 TF Society Preta e Pink,359.9,10,https://www.futfanatics.com.br/chuteira-adidas-predator-accuracy-23-4-tf-society-preta-e-pink
Chuteira Adidas Predator Accuracy 23.4 TF Society Preta,359.9,10,https://www.futfanatics.com.br/chuteira-adidas-predator-accuracy-23-4-tf-society-preta
Chuteira Adidas Predator Accuracy 23.4 FxG Campo Preta e Pink,359.9,10,https://www.futfanatics.com.br/chuteira-adidas-predator-accuracy-23-4-fxg-campo-preta-e-pink
Chuteira Umbro Adamant Club Futsal Coral e Branca,269.9,10,https://www.futfanatics.com.br/chuteira-umbro-adamant-club-futsal-coral-e-branca
Chuteira Penalty Americas XXI Futsal Bordô,169.9,10,https://www.futfanatics.com.br/chuteira-penalty-americas-xxi-futsal-bordo
Chuteira Adidas Deportivo II FxG Campo Branca e Azul,269.9,10,https://www.futfanatics.com.br/chuteira-adidas-deportivo-ii-fxg-campo-branca-e-azul
Chuteira Umbro Velocita Alchemist Club Campo Azul,269.9,10,https://www.futfanatics.com.br/chuteira-umbro-velocita-alchemist-club-campo-azul
Chuteira Adidas Deportivo II IN Futsal Preta e Vermelha,269.9,10,https://www.futfanatics.com.br/chuteira-adidas-deportivo-ii-in-futsal-preta-e-vermelha
Chuteira Umbro Fifty IV Society Rosa,179.9,10,https://www.futfanatics.com.br/chuteira-umbro-fifty-iv-society-rosa
Chuteira Umbro Adamant League Campo Preta e Branca,179.9,10,https://www.futfanatics.com.br/chuteira-umbro-adamant-league-campo-preta-e-branca
Chuteira Umbro Neo Striker Futsal Marinho e Dourada,179.9,10,https://www.futfanatics.com.br/chuteira-umbro-neo-striker-futsal-marinho-e-dourada
Chuteira Umbro Neo Striker Society Marinho e Dourada,179.9,10,https://www.futfanatics.com.br/chuteira-umbro-neo-striker-society-marinho-e-dourada
Chuteira Umbro Stride Futsal Cinza Escuro,179.9,10,https://www.futfanatics.com.br/chuteira-umbro-stride-futsal-cinza-escuro
Chuteira Umbro Attak Eternal Futsal Azul,179.9,10,https://www.futfanatics.com.br/chuteira-umbro-attak-eternal-futsal-azul
Chuteira Adidas Deportivo II FxG Campo Preta e Azul,269.9,10,https://www.futfanatics.com.br/chuteira-adidas-deportivo-ii-fxg-campo-preta-e-azul
Chuteira Penalty Americas XXI Futsal Preta e Dourada,169.9,10,https://www.futfanatics.com.br/chuteira-penalty-americas-xxi-futsal-preta-e-dourada
Chuteira Adidas Deportivo II IN Futsal Preta e Azul,269.9,10,https://www.futfanatics.com.br/chuteira-adidas-deportivo-ii-in-futsal-preta-e-azul
Chuteira Umbro Attak Eternal Campo All Black,199.9,9,https://www.futfanatics.com.br/chuteira-umbro-attak-eternal-campo-all-black
Chuteira Puma Future Play FG/AG BDP Campo Azul,459.9,8,https://www.futfanatics.com.br/chuteira-puma-future-play-fg/ag-bdp-campo-azul
Chuteira Umbro Speciali III Pro Society Preta e Azul,319.9,8,https://www.futfanatics.com.br/chuteira-umbro-speciali-iii-pro-society-preta-e-azul
Chuteira Umbro Speciali III Pro Campo Preta e Branca,319.9,8,https://www.futfanatics.com.br/chuteira-umbro-speciali-iii-pro-campo-preta-e-branca
Chuteira Umbro Speciali III League Society Dourada e Branca,219.9,8,https://www.futfanatics.com.br/chuteira-umbro-speciali-iii-league-society-dourada-e-branca
Chuteira Adidas Copa Sense 21.4 TF Society Preta,319.9,8,https://www.futfanatics.com.br/chuteira-adidas-copa-sense-21-4-tf-society-preta
Chuteira Puma Tacto II TT BDP Society Azul,319.9,8,https://www.futfanatics.com.br/chuteira-puma-tacto-ii-tt-bdp-society-azul
Chuteira Umbro Speciali III Pro Futsal Dourada,319.9,8,https://www.futfanatics.com.br/chuteira-umbro-speciali-iii-pro-futsal-dourada
Chuteira Joma Maxima Futsal Preta e Laranja,319.9,8,https://www.futfanatics.com.br/chuteira-joma-maxima-futsal-preta-e-laranja
Chuteira Puma Ultra Play TT BDP Society Laranja,439.9,8,https://www.futfanatics.com.br/chuteira-puma-ultra-play-tt-bdp-society-laranja
Chuteira Umbro Speciali III League Campo Preta,219.9,8,https://www.futfanatics.com.br/chuteira-umbro-speciali-iii-league-campo-preta
Chuteira Adidas Predator Accuracy 23.3 FG Campo Preta e Branca,549.9,8,https://www.futfanatics.com.br/chuteira-adidas-predator-accuracy-23-3-fg-campo-preta-e-branca
Chuteira Adidas Predator Accuracy 23.3 FG Campo Preta e Pink,549.9,8,https://www.futfanatics.com.br/chuteira-adidas-predator-accuracy-23-3-fg-campo-preta-e-pink
Chuteira Adidas Predator Accuracy 23.3 Low FG Campo Preta e Pink,549.9,8,https://www.futfanatics.com.br/chuteira-adidas-predator-accuracy-23-3-low-fg-campo-preta-e-pink
Chuteira Adidas Predator Accuracy 23.3 TF Society Preta e Pink,549.9,8,https://www.futfanatics.com.br/chuteira-adidas-predator-accuracy-23-3-tf-society-preta-e-pink
Chuteira Adidas X Speedportal 22.3 FG Campo Pink,549.9,8,https://www.futfanatics.com.br/chuteira-adidas-x-speedportal-22-3-fg-campo-pink
Chuteira Adidas X Speedportal Messi 22.3 FG Campo Laranja,549.9,8,https://www.futfanatics.com.br/chuteira-adidas-x-speedportal-messi-22-3-fg-campo-laranja
Chuteira Joma Top Flex Society Preta e Amarela,549.9,8,https://www.futfanatics.com.br/chuteira-joma-top-flex-society-preta-e-amarela
Chuteira Dray Topfly 389 Society Preta e Vermelha,119.9,7,https://www.futfanatics.com.br/chuteira-dray-topfly-389-society-preta-e-vermelha
Chuteira Umbro Fast Society Marinho e Branca,129.9,7,https://www.futfanatics.com.br/chuteira-umbro-fast-society-marinho-e-branca
Chuteira Oxn Agilis 2 Society Preta,119.9,7,https://www.futfanatics.com.br/chuteira-oxn-agilis-2-society-preta
Chuteira Dray Topfly 390 Society Preta e Azul,119.9,7,https://www.futfanatics.com.br/chuteira-dray-topfly-390-society-preta-e-azul
Chuteira Penalty Brasil 70 Neo Society Azul e Amar,259.9,7,https://www.futfanatics.com.br/chuteira-penalty-brasil-70-neo-society-azul-e-amarela
Chuteira Penalty RX Locker Y-3 Society Azul e Amarela,259.9,7,https://www.futfanatics.com.br/chuteira-penalty-rx-locker-y-3-society-azul-e-amarela
Chuteira Penalty RX Locker Y-3 Society Branca e Vermelha,259.9,7,https://www.futfanatics.com.br/chuteira-penalty-rx-locker-y-3-society-branca-e-vermelha
Chuteira Oxn Agilis 2 Society Preta e Verde,119.9,7,https://www.futfanatics.com.br/chuteira-oxn-agilis-2-society-preta-e-verde
Chuteira Umbro Fast Campo Azul,129.9,7,https://www.futfanatics.com.br/chuteira-umbro-fast-campo-azul
Chuteira Puma Tacto II TT BDP Society Marinho e Verde,259.9,7,https://www.futfanatics.com.br/chuteira-puma-tacto-ii-tt-bdp-society-marinho-e-verde
Chuteira Adidas Artilheira VI TF Society Preta,249.9,7,https://www.futfanatics.com.br/chuteira-adidas-artilheira-vi-tf-society-preta
Chuteira Penalty RX Locker Y-3 Futsal Branca,249.9,7,https://www.futfanatics.com.br/chuteira-penalty-rx-locker-y-3-futsal-branca
Chuteira Penalty RX Locker Y-3 Futsal Amarela,249.9,7,https://www.futfanatics.com.br/chuteira-penalty-rx-locker-y-3-futsal-amarela
Chuteira Oxn Agilis 2 Futsal Preta e Verde Limão,119.9,7,https://www.futfanatics.com.br/chuteira-oxn-agilis-2-futsal-preta-e-verde-limao
Chuteira Umbro Fast Futsal Prata,119.9,7,https://www.futfanatics.com.br/chuteira-umbro-fast-futsal-prata
Chuteira Penalty RX Locker Y-3 Futsal Laranja,249.9,7,https://www.futfanatics.com.br/chuteira-penalty-rx-locker-y-3-futsal-laranja
Chuteira Penalty Max 500 Ecoknit XXI Futsal Azul,359.9,7,https://www.futfanatics.com.br/chuteira-penalty-max-500-ecoknit-xxi-futsal-azul
Chuteira Adidas Copa Pure 23.4 TF Society Preta,369.9,7,https://www.futfanatics.com.br/chuteira-adidas-copa-pure-23-4-tf-society-preta
Chuteira Adidas X Speedportal 22.4 FxG Campo Pink,369.9,7,https://www.futfanatics.com.br/chuteira-adidas-x-speedportal-22-4-fxg-campo-pink
Chuteira Penalty RX Locker Y-3 Futsal Azul,249.9,7,https://www.futfanatics.com.br/chuteira-penalty-rx-locker-y-3-futsal-azul
Chuteira Oxn Speed 4 Society Preta e Azul,119.9,7,https://www.futfanatics.com.br/chuteira-oxn-speed-4-society-preta-e-azul
Chuteira Oxn Speed 4 Futsal Preta e Azul,119.9,7,https://www.futfanatics.com.br/chuteira-oxn-speed-4-futsal-preta-e-azul
Chuteira Umbro Velocita Alchemist Premier Campo Verde e Cinza,369.9,7,https://www.futfanatics.com.br/chuteira-umbro-velocita-alchemist-premier-campo-verde-e-cinza
Chuteira Adidas Copa Pure 23.4 TF Society All Black,369.9,7,https://www.futfanatics.com.br/chuteira-adidas-copa-pure-23-4-tf-society-all-black
Chuteira Oxn Rio Futsal Branca e Azul,129.9,7,https://www.futfanatics.com.br/chuteira-oxn-rio-futsal-branca-e-azul
Chuteira Umbro Fast Society Vermelha e Coral,129.9,7,https://www.futfanatics.com.br/chuteira-umbro-fast-society-vermelha-e-coral
Chuteira Oxn Speed 4 Futsal Cinza,129.9,7,https://www.futfanatics.com.br/chuteira-oxn-speed-4-futsal-cinza
Chuteira Puma Ultra Match FG/AG BDP Campo Laranja,599.9,7,https://www.futfanatics.com.br/chuteira-puma-ultra-match-fg/ag-bdp-campo-laranja
Chuteira Umbro Fast Futsal Vermelha e Coral,129.9,7,https://www.futfanatics.com.br/chuteira-umbro-fast-futsal-vermelha-e-coral
Chuteira Puma Ultra Match IT BDP Futsal Laranja,599.9,7,https://www.futfanatics.com.br/chuteira-puma-ultra-match-it-bdp-futsal-laranja
Chuteira Oxn Vision 2 Society Verde,139.9,6,https://www.futfanatics.com.br/chuteira-oxn-vision-2-society-verde
Chuteira Puma Ultra Play IT BDP Futsal Laranja,449.9,6,https://www.futfanatics.com.br/chuteira-puma-ultra-play-it-bdp-futsal-laranja
Chuteira Umbro Z League Futsal Marinho,149.9,6,https://www.futfanatics.com.br/chuteira-umbro-z-league-futsal-marinho
Chuteira Penalty Se7e Pro Ecoknit Society Preta,399.9,6,https://www.futfanatics.com.br/chuteira-penalty-se7e-pro-ecoknit-society-preta
Chuteira Oxn Fusion Grip 3 Neo Futsal Preta e Vermelha,139.9,6,https://www.futfanatics.com.br/chuteira-oxn-fusion-grip-3-neo-futsal-preta-e-vermelha
Chuteira Penalty Bravo XXII Futsal Verde,139.9,6,https://www.futfanatics.com.br/chuteira-penalty-bravo-xxii-futsal-verde
Chuteira Penalty Bravo XXII Campo Verde,139.9,6,https://www.futfanatics.com.br/chuteira-penalty-bravo-xxii-campo-verde
Chuteira Oxn Fusion Grip 4 Neo Society Rosa,149.9,6,https://www.futfanatics.com.br/chuteira-oxn-fusion-grip-4-neo-society-rosa
Chuteira Umbro Cosmic Futsal Branca,149.9,6,https://www.futfanatics.com.br/chuteira-umbro-cosmic-futsal-branca
Chuteira Adidas Deportivo II FxG Campo Preta e Vermelha,279.9,6,https://www.futfanatics.com.br/chuteira-adidas-deportivo-ii-fxg-campo-preta-e-vermelha
Chuteira Oxn Velox 4 Neo Futsal Grafite,139.9,6,https://www.futfanatics.com.br/chuteira-oxn-velox-4-neo-futsal-grafite
Chuteira Oxn Velox 4 Neo Futsal Preta e Azul,139.9,6,https://www.futfanatics.com.br/chuteira-oxn-velox-4-neo-futsal-preta-e-azul
Chuteira Oxn Fusion Grip 3 Neo Campo Azul,139.9,6,https://www.futfanatics.com.br/chuteira-oxn-fusion-grip-3-neo-campo-azul
Chuteira Oxn Fusion Grip 3 Neo Futsal Preta e Rosa,139.9,6,https://www.futfanatics.com.br/chuteira-oxn-fusion-grip-3-neo-futsal-preta-e-rosa
Chuteira Umbro Adamant Club Futsal Preta e Branca,279.9,6,https://www.futfanatics.com.br/chuteira-umbro-adamant-club-futsal-preta-e-branca
Chuteira Penalty Bravo XXII Society Marinho,139.9,6,https://www.futfanatics.com.br/chuteira-penalty-bravo-xxii-society-marinho
Chuteira Umbro Beat Futsal Coral,139.9,6,https://www.futfanatics.com.br/chuteira-umbro-beat-futsal-coral
Chuteira Oxn Fusion Grip 4 Futsal Preta,139.9,6,https://www.futfanatics.com.br/chuteira-oxn-fusion-grip-4-futsal-preta
Chuteira Oxn Fusion Grip 4 Society Preta,139.9,6,https://www.futfanatics.com.br/chuteira-oxn-fusion-grip-4-society-preta
Chuteira Penalty Bravo XXII Futsal Marinho,139.9,6,https://www.futfanatics.com.br/chuteira-penalty-bravo-xxii-futsal-marinho
Chuteira Oxn Fusion Grip 4 Campo Rosa,139.9,6,https://www.futfanatics.com.br/chuteira-oxn-fusion-grip-4-campo-rosa
Chuteira Oxn Fusion Grip 4 Neo Futsal Rosa,149.9,6,https://www.futfanatics.com.br/chuteira-oxn-fusion-grip-4-neo-futsal-rosa
Chuteira Oxn Fusion Grip 4 Neo Society Bordô,149.9,6,https://www.futfanatics.com.br/schuteira-oxn-fusion-grip-4-neo-society-bordo
Chuteira Penalty Bravo XXII Futsal Amarela,139.9,6,https://www.futfanatics.com.br/chuteira-penalty-bravo-xxii-futsal-amarela
Chuteira Oxn Spartak 4 Neo Futsal Amarela,149.9,6,https://www.futfanatics.com.br/chuteira-oxn-spartak-4-neo-futsal-amarela
Chuteira Joma Maxima Society Preta e Laranja,329.9,5,https://www.futfanatics.com.br/chuteira-joma-maxima-society-preta-e-laranja
Chuteira Joma Dribling Society Coral,329.9,5,https://www.futfanatics.com.br/chuteira-joma-dribling-society-coral
Chuteira Joma Dribling Futsal Amarela e Laranja,329.9,5,https://www.futfanatics.com.br/chuteira-joma-dribling-futsal-amarela-e-laranja
Chuteira Joma Maxima Futsal Branca e Preta,329.9,5,https://www.futfanatics.com.br/chuteira-joma-maxima-futsal-branca-e-preta
Chuteira Joma Maxima Society Branca e Preta,329.9,5,https://www.futfanatics.com.br/chuteira-joma-maxima-society-branca-e-preta
Chuteira Oxn Aragon 2 Society Preta e Vermelha,159.9,5,https://www.futfanatics.com.br/chuteira-oxn-aragon-2-society-preta-e-vermelha
Chuteira Joma Dribling Futsal Coral,329.9,5,https://www.futfanatics.com.br/chuteira-joma-dribling-futsal-coral
Chuteira Joma Maxima Futsal Marinho e Branca,329.9,5,https://www.futfanatics.com.br/chuteira-joma-maxima-futsal-marinho-e-branca
Chuteira Joma Dribling Society Preta e Laranja,329.9,5,https://www.futfanatics.com.br/chuteira-joma-dribling-society-preta-e-laranja
Chuteira Puma Ultra Match TT BDP I Society Laranja,519.9,5,https://www.futfanatics.com.br/chuteira-puma-ultra-match-tt-bdp-i-society-laranja
Chuteira Joma Maxima Society Azul Marinho,329.9,5,https://www.futfanatics.com.br/chuteira-joma-maxima-society-azul-marinho
Chuteira Puma Tacto II FG/AG BDP Campo Cinza e Preta,329.9,5,https://www.futfanatics.com.br/chuteira-puma-tacto-ii-fg/ag-bdp-campo-cinza-e-preta
Chuteira Adidas Predator 22.4 Campo Preta e Branca,329.9,5,https://www.futfanatics.com.br/chuteira-adidas-predator-22-4-campo-preta-e-branca
Chuteira Penalty Fúria XXII Futsal Azul,159.9,5,https://www.futfanatics.com.br/chuteira-penalty-furia-xxii-futsal-azul
Chuteira Adidas Predator Accuracy 23.1 FG Campo Preta e Pink,1699.9,5,https://www.futfanatics.com.br/chuteira-adidas-predator-accuracy-23-1-fg-campo-preta-e-pink
Chuteira Puma Tacto II TT BDP Society Amarela,329.9,5,https://www.futfanatics.com.br/chuteira-puma-tacto-ii-tt-bdp-society-amarela
Chuteira Joma Liga 5 Futsal Marinho,379.9,5,https://www.futfanatics.com.br/chuteira-joma-liga-5-futsal-marinho
Chuteira Penalty Se7e XXI Society Bordô,319.9,5,https://www.futfanatics.com.br/chuteira-penalty-se7e-xxi-society-bordo
Chuteira Joma Liga 5 Society Azul-Marinho,379.9,5,https://www.futfanatics.com.br/chuteira-joma-liga-5-society-azul-marinho
Chuteira Adidas Copa Pure 23.1 FG Campo Preta,1699.9,5,https://www.futfanatics.com.br/chuteira-adidas-copa-pure-23-1-fg-campo-preta
Chuteira Joma Aguila Campo Azul,379.9,5,https://www.futfanatics.com.br/chuteira-joma-aguila-campo-azul
Chuteira Joma Mundial Futsal Azul,429.9,4,https://www.futfanatics.com.br/chuteira-joma-mundial-futsal-azul
Chuteira Joma Liga 5 Society Verde Limão,429.9,4,https://www.futfanatics.com.br/chuteira-joma-liga-5-society-verde-limao
Chuteira Joma Liga 5 Futsal Verde,429.9,4,https://www.futfanatics.com.br/chuteira-joma-liga-5-futsal-verde
Chuteira Joma Campo Futsal Preta e Verde Limão,239.9,4,https://www.futfanatics.com.br/chuteira-joma-campo-futsal-preta-e-verde-limao
Chuteira Umbro Class Futsal Preta,169.9,0,https://www.futfanatics.com.br/chuteira-umbro-class-futsal-preta
Chuteira Umbro Class Futsal Azul,169.9,0,https://www.futfanatics.com.br/chuteira-umbro-class-futsal-azul
Chuteira Joma Mundial Futsal Preta e Amarela,449.9,0,https://www.futfanatics.com.br/chuteira-joma-mundial-futsal-preta-e-amarela
Chuteira Umbro Pro 5 Bump Futsal Preta,549.9,0,https://www.futfanatics.com.br/chuteira-umbro-pro-5-bump-futsal-preta
Chuteira Joma Top Flex Society Branca e Azul,499.9,0,https://www.futfanatics.com.br/chuteira-joma-top-flex-society-branca-e-azul
Chuteira Joma Mundial Society Preta,499.9,0,https://www.futfanatics.com.br/chuteira-joma-mundial-society-preta
Chuteira Umbro Frame Campo Marinho,169.9,0,https://www.futfanatics.com.br/chuteira-umbro-frame-campo-marinho
Chuteira Puma Ultra Play IT BDP Futsal Verde,479.9,0,https://www.futfanatics.com.br/chuteira-puma-ultra-play-it-bdp-futsal-verde
Chuteira Joma Mundial Futsal Verde Limão,499.9,0,https://www.futfanatics.com.br/chuteira-joma-mundial-futsal-verde-limao
Chuteira Puma Ultra Play TT BDP Society Verde,479.9,0,https://www.futfanatics.com.br/chuteira-puma-ultra-play-tt-bdp-society-verde
Chuteira Puma Future Play TT BDP Society Azul,499.9,0,https://www.futfanatics.com.br/chuteira-puma-future-play-tt-bdp-society-azul
Chuteira Puma Play IT BDP Futsal Azul,499.9,0,https://www.futfanatics.com.br/chuteira-puma-play-it-bdp-futsal-azul
Chuteira Joma Top Flex II Futsal Preta e Branca,499.9,0,https://www.futfanatics.com.br/chuteira-joma-top-flex-ii-futsal-preta-e-branca
Chuteira Joma Top Flex Futsal Preta e Amarela,499.9,0,https://www.futfanatics.com.br/chuteira-joma-top-flex-futsal-preta-e-amarela
Chuteira Oxn Fusion Grip 4 Neo Society Preta,159.9,0,https://www.futfanatics.com.br/chuteira-oxn-fusion-grip-4-neo-society-preta
Chuteira Joma Liga 5 Futsal Preta e Amarela,449.9,0,https://www.futfanatics.com.br/chuteira-joma-liga-5-futsal-preta-e-amarela
Chuteira Oxn Fusion Grip 4 Neo Society Laranja,159.9,0,https://www.futfanatics.com.br/chuteira-oxn-fusion-grip-4-neo-society-laranja-futfanatics
Chuteira Oxn Fusion Grip 4 Neo Futsal Bordô,159.9,0,https://www.futfanatics.com.br/chuteira-oxn-fusion-grip-4-neo-futsal-bordo
Chuteira Umbro Pro 5 Bump Futsal Branca,549.9,0,https://www.futfanatics.com.br/chuteira-umbro-pro-5-bump-futsal-branca
Chuteira Adidas Predator Accuracy 23.1 TF Society Preta e Pink,1499.9,0,https://www.futfanatics.com.br/chuteira-adidas-predator-accuracy-23-1-tf-society-preta-e-pink
Chuteira Mizuno Morelia Neo Campo Preta e Preta,1499.9,0,https://www.futfanatics.com.br/chuteira-mizuno-morelia-neo-campo-preta-e-preta
Chuteira Puma Future Ultimate FG/AG Campo Azul e Laranja,1399.9,0,https://www.futfanatics.com.br/chuteira-puma-future-ultimate-fg/ag-campo-azul-e-laranja
Chuteira Puma Future Ultimate FG/AG Campo Verde,1399.9,0,https://www.futfanatics.com.br/chuteira-puma-future-ultimate-fg/ag-campo-verde
Chuteira Mizuno Alfa Elite Campo Azul,1099.9,0,https://www.futfanatics.com.br/chuteira-mizuno-alfa-elite-campo-azul
Chuteira Joma Top Flex Rebound Ferrão Futsal Branca,749.9,0,https://www.futfanatics.com.br/chuteira-joma-top-flex-rebound-ferrao-futsal-branca
Chuteira Puma Ultra Match TT BDP Society Verde,649.9,0,https://www.futfanatics.com.br/chuteira-puma-ultra-match-tt-bdp-society-verde
Chuteira Puma Ultra Match TT BDP Society Laranja,649.9,0,https://www.futfanatics.com.br/chuteira-puma-ultra-match-tt-bdp-society-laranja
Chuteira Puma Ultra Match IT BDP Futsal Verde,649.9,0,https://www.futfanatics.com.br/chuteira-puma-ultra-match-it-bdp-futsal-verde
Chuteira Adidas X Speedportal Messi 22.3 TF Society Laranja,599.9,0,https://www.futfanatics.com.br/chuteira-adidas-x-speedportal-messi-22-3-tf-society-laranja
Chuteira Adidas X Speedportal Messi 22.3 IN Futsal Laranja,599.9,0,https://www.futfanatics.com.br/chuteira-adidas-x-speedportal-messi-22-3-in-futsal-laranja
Chuteira Adidas X Speedportal 22.3 TF Society Pink,599.9,0,https://www.futfanatics.com.br/chuteira-adidas-x-speedportal-22-3-tf-society-pink
Chuteira Adidas X Speedportal 22.3 TF Society Laranja,599.9,0,https://www.futfanatics.com.br/chuteira-adidas-x-speedportal-22-3-tf-society-laranja
Chuteira Adidas X Speedportal 22.3 IN Futsal Pink,599.9,0,https://www.futfanatics.com.br/chuteira-adidas-x-speedportal-22-3-in-futsal-pink
Chuteira Adidas X Speedportal 22.3 IN Futsal Laranja,599.9,0,https://www.futfanatics.com.br/chuteira-adidas-x-speedportal-22-3-in-futsal-laranja
Chuteira Adidas X Speedportal 22.3 FG Campo Laranja,599.9,0,https://www.futfanatics.com.br/chuteira-adidas-x-speedportal-22-3-fg-campo-laranja
Chuteira Adidas Predator Accuracy 23.3 TF Society Preta,599.9,0,https://www.futfanatics.com.br/chuteira-adidas-predator-accuracy-23-3-tf-society-preta
Chuteira Adidas Predator Accuracy 23.3 TF Society Laranja,599.9,0,https://www.futfanatics.com.br/chuteira-adidas-predator-accuracy-23-3-tf-society-laranja
Chuteira Adidas Predator Accuracy 23.3 Low TF Society,599.9,0,https://www.futfanatics.com.br/chuteira-adidas-predator-accuracy-23-3-low-tf-society
Chuteira Adidas Predator Accuracy 23.3 FG Campo Laranja,599.9,0,https://www.futfanatics.com.br/chuteira-adidas-predator-accuracy-23-3-fg-campo-laranja
Chuteira Umbro Frame Futsal Laranja,169.9,0,https://www.futfanatics.com.br/chuteira-umbro-frame-futsal-laranja
Chuteira Oxn Fusion Grip 4 Neo Futsal Laranja,159.9,0,https://www.futfanatics.com.br/chuteira-oxn-fusion-grip-4-neo-futsal-laranja
Chuteira Mizuno Alfa Select AS Society Branca,599.9,0,https://www.futfanatics.com.br/chuteira-mizuno-alfa-select-as-society-branca
Chuteira Mizuno Alfa Select AS Society Preta,599.9,0,https://www.futfanatics.com.br/chuteira-mizuno-alfa-select-as-society-preta
Chuteira Oxn Fusion Grip 4 Neo Society Cinza,159.9,0,https://www.futfanatics.com.br/chuteira-oxn-fusion-grip-4-neo-society-cinza
Chuteira Penalty Se7e Pro Ecoknit Society Azul,429.9,0,https://www.futfanatics.com.br/chuteira-penalty-se7e-pro-ecoknit-society-azul
Chuteira Umbro Velocita Alchmist Club Futsal Preta e Cinza,249.9,0,https://www.futfanatics.com.br/chuteira-umbro-velocita-alchmist-club-futsal-preta-e-cinza
Chuteira Adidas X Speedportal 22.4 TF Society Pink,399.9,0,https://www.futfanatics.com.br/chuteira-adidas-x-speedportal-22-4-tf-society-pink
Chuteira Umbro Adamant Club Society Preta e Branca,299.9,0,https://www.futfanatics.com.br/chuteira-umbro-adamant-club-society-preta-e-branca
Chuteira Adidas X Speedportal 22.4 TF Society Preta,349.9,0,https://www.futfanatics.com.br/chuteira-adidas-x-speedportal-22-4-tf-society-preta
Chuteira Penalty Líder Y-3 Futsal Branca,179.9,0,https://www.futfanatics.com.br/chuteira-penalty-lider-y-3-futsal-branca
Chuteira Penalty Líder Y-3 Society Branca,179.9,0,https://www.futfanatics.com.br/chuteira-penalty-lider-y-3-society-branca
Chuteira Umbro Adamant League Campo Coral e Branca,199.9,0,https://www.futfanatics.com.br/chuteira-umbro-adamant-league-campo-coral-e-branca
Chuteira Umbro Pro 5 Bump Club Society Azul e Branca,329.9,0,https://www.futfanatics.com.br/chuteira-umbro-pro-5-bump-club-society-azul-e-branca
Chuteira Umbro Neo Striker Futsal Vermelha,199.9,0,https://www.futfanatics.com.br/chuteira-umbro-neo-striker-futsal-vermelha
Chuteira Umbro Stride Futsal Marinho,199.9,0,https://www.futfanatics.com.br/chuteira-umbro-stride-futsal-marinho
Chuteira Umbro Neo Striker Society Vermelha,199.9,0,https://www.futfanatics.com.br/chuteira-umbro-neo-striker-society-vermelha
Chuteira Umbro Stride Society Cinza,199.9,0,https://www.futfanatics.com.br/chuteira-umbro-stride-society-cinza
Chuteira Umbro Stride Society Marinho,199.9,0,https://www.futfanatics.com.br/chuteira-umbro-stride-society-marinho
Chuteira Umbro Tocco II Club Society Preta,219.9,0,https://www.futfanatics.com.br/chuteira-umbro-tocco-ii-club-society-preta
Chuteira Umbro Adamant Club Society Laranja e Branca,299.9,0,https://www.futfanatics.com.br/chuteira-umbro-adamant-club-society-laranja-e-branca
Chuteira Adidas X Speedportal 22.4 IN Futsal Pink,399.9,0,https://www.futfanatics.com.br/chuteira-adidas-x-speedportal-22-4-in-futsal-pink
Chuteira Umbro Sala V Club Futsal Vermelha,279.9,0,https://www.futfanatics.com.br/chuteira-umbro-sala-v-club-futsal-vermelha
Chuteira Umbro Tocco II Club Society Coral e Preta,219.9,0,https://www.futfanatics.com.br/chuteira-umbro-tocco-ii-club-society-coral-e-preta
Chuteira Umbro Fifty IV Futsal Rosa e Branca,229.9,0,https://www.futfanatics.com.br/chuteira-umbro-fifty-iv-futsal-rosa-e-branca
Chuteira Penalty RX Locker Y-3 Futsal Preta,269.9,0,https://www.futfanatics.com.br/chuteira-penalty-rx-locker-y-3-futsal-preta
Chuteira Penalty RX Locker Y-3 Futsal Azul Claro,269.9,0,https://www.futfanatics.com.br/chuteira-penalty-rx-locker-y-3-futsal-azul-claro
Chuteira Umbro Prisma Society Preta,149.9,0,https://www.futfanatics.com.br/chuteira-umbro-prisma-society-preta
Chuteira Umbro Fifty IV Society Rosa Claro,229.9,0,https://www.futfanatics.com.br/chuteira-umbro-fifty-iv-society-rosa-claro
Chuteira Umbro Speciali III League Futsal Preta e Branca,239.9,0,https://www.futfanatics.com.br/chuteira-umbro-speciali-iii-league-futsal-preta-e-branca
Chuteira Adidas Artilheira VI IN Futsal Preta,269.9,0,https://www.futfanatics.com.br/chuteira-adidas-artilheira-vi-in-futsal-preta
Chuteira Adidas Artilheira VI FG Campo Preta,269.9,0,https://www.futfanatics.com.br/chuteira-adidas-artilheira-vi-fg-campo-preta
Chuteira Umbro Sala Z Club Futsal Preta e Amarela,269.9,0,https://www.futfanatics.com.br/chuteira-umbro-sala-z-club-futsal-preta-e-amarela
Chuteira Joma Dribling Futsal Preta e Azul,349.9,0,https://www.futfanatics.com.br/chuteira-joma-dribling-futsal-preta-e-azul
Chuteira Joma Dribling Society Branca e Azul,349.9,0,https://www.futfanatics.com.br/chuteira-joma-dribling-society-branca-e-azul
Chuteira Joma Dribling Society Azul-Marinho e Verde,349.9,0,https://www.futfanatics.com.br/chuteira-joma-dribling-society-azul-marinho-e-verde
Chuteira Joma Dribling Futsal Preta e Laranja,349.9,0,https://www.futfanatics.com.br/chuteira-joma-dribling-futsal-preta-e-laranja
Chuteira Adidas Predator Accuracy 23.4 IN Futsal Preta e Pink,399.9,0,https://www.futfanatics.com.br/chuteira-adidas-predator-accuracy-23-4-in-futsal-preta-e-pink
Chuteira Adidas Copa Pure 23.4 IN Futsal Preta,399.9,0,https://www.futfanatics.com.br/chuteira-adidas-copa-pure-23-4-in-futsal-preta
Chuteira Puma Future Z 4.4 NJr TT BDP Society Laranja,399.9,0,https://www.futfanatics.com.br/chuteira-puma-future-z-4-4-njr-tt-bdp-society-laranja
Chuteira Umbro Velocita Alchemist Premier Campo Preta e Cinza,399.9,0,https://www.futfanatics.com.br/chuteira-umbro-velocita-alchemist-premier-campo-preta-e-cinza
Chuteira Umbro Frame Futsal Marinho,169.9,0,https://www.futfanatics.com.br/chuteira-umbro-frame-futsal-marinho
Chuteira Umbro Prisma Campo Preta,149.9,0,https://www.futfanatics.com.br/chuteira-umbro-prisma-campo-preta
Chuteira Umbro Prisma Futsal Preta,149.9,0,https://www.futfanatics.com.br/chuteira-umbro-prisma-futsal-preta
Chuteira Umbro Pro 5 Bump Club Futsal Branca e Azul,379.9,0,https://www.futfanatics.com.br/chuteira-umbro-pro-5-bump-club-futsal-branca-e-azul
Chuteira Umbro Pro 5 Bump Club Futsal Preta,379.9,0,https://www.futfanatics.com.br/chuteira-umbro-pro-5-bump-club-futsal-preta
Chuteira Umbro Class II Society Azul,169.9,0,https://www.futfanatics.com.br/chuteira-umbro-class-ii-society-azul
Chuteira Umbro Frame Society Laranja,169.9,0,https://www.futfanatics.com.br/chuteira-umbro-frame-society-laranja
Chuteira Umbro Frame Society Marinho,169.9,0,https://www.futfanatics.com.br/chuteira-umbro-frame-society-marinho
Chuteira Umbro Beat Futsal Prata,149.9,0,https://www.futfanatics.com.br/chuteira-umbro-beat-futsal-prata
Chuteira Penalty Bravo XXII Society Verde,149.9,0,https://www.futfanatics.com.br/chuteira-penalty-bravo-xxii-society-verde
Chuteira Penalty Garra Futsal Preta,169.9,0,https://www.futfanatics.com.br/chuteira-penalty-garra-futsal-preta
Chuteira Penalty Fúria XXII Futsal Marinho,169.9,0,https://www.futfanatics.com.br/chuteira-penalty-furia-xxii-futsal-marinho
Chuteira Penalty Fúria XXII Society Azul,169.9,0,https://www.futfanatics.com.br/chuteira-penalty-furia-xxii-society-azul
Chuteira Oxn Vision 2 Futsal Verde,149.9,0,https://www.futfanatics.com.br/chuteira-oxn-vision-2-futsal-verde
Chuteira Oxn Vision 2 Society Preta,149.9,0,https://www.futfanatics.com.br/chuteira-oxn-vision-2-society-preta
Chuteira Oxn Rio Futsal Preta e Dourada,149.9,0,https://www.futfanatics.com.br/chuteira-oxn-rio-futsal-preta-e-dourada
Chuteira Oxn Fusion Grip 4 Futsal Rosa,149.9,0,https://www.futfanatics.com.br/chuteira-oxn-fusion-grip-4-futsal-rosa
Chuteira Joma Dribling Futsal Marinho e Verde Limão,349.9,0,https://www.futfanatics.com.br/chuteira-joma-dribling-futsal-marinho-e-verde-limao
Chuteira Joma Dribling Futsal Branca e Azul,349.9,0,https://www.futfanatics.com.br/chuteira-joma-dribling-futsal-branca-e-azul
Chuteira Mizuno Morelia Japan MD Campo Preta e Branca,1999.9,0,https://www.futfanatics.com.br/chuteira-mizuno-morelia-japan-md-campo-preta-e-branca
